,Structure,AVG Train,AVG Valid,AVG Test,Time
0,resnet,0.506296286980311,0.4855555593967438,0.5055555403232574,449.2968165874481
